CREATE TABLE users_aula48(
	id 	VARCHAR (255) PRIMARY KEY,
    name TEXT,
    email TEXT,
    password TEXT
);
CREATE TABLE recipes_aula48 (
	recipe_id VARCHAR (255) PRIMARY KEY,
	user_id VARCHAR (255),
	title TEXT,
	description TEXT,
	createdAt BIGINT,
    FOREIGN KEY (user_id) REFERENCES users_aula48 (id)
);
CREATE TABLE users_relation_aula48(
	user_id VARCHAR (255),
    user_to_follow_id VARCHAR (255),
    PRIMARY KEY (user_id, user_to_follow_id),
    FOREIGN KEY (user_id) REFERENCES users_aula48 (id),
    FOREIGN KEY (user_to_follow_id) REFERENCES users_aula48 (id)
);
INSERT INTO `users_aula48` (`id`,`name`,`email`,`password`) VALUES ('0a4147ad-30dd-4547-9e35-94e655d02f13','Jonas','Jonas@email.com','$2a$12$pcwQNPILKqJPtBOe4eHfeOc6L2kEs6n57IMiToJ6WJrIEj5zRz6wa');
INSERT INTO `users_aula48` (`id`,`name`,`email`,`password`) VALUES ('4d3bc362-f838-43d6-9e06-5f3883873f74','charles','charles@email.com','$2a$12$p5LXq11CjvbSB9XYfoGUn./nRGFiYR7Y.zEuw1i7JUUCXn.5S3Qxq');
INSERT INTO `users_aula48` (`id`,`name`,`email`,`password`) VALUES ('5a7e728a-3afa-47d6-850d-0fba7786e6a7','Bernardo','bernardo@gmail.com','$2a$12$sblz4a9FgJ6T59pWVaUL6uxHkjumzxuc0mlEVqF6HN54RyTYAosn6');
INSERT INTO `users_aula48` (`id`,`name`,`email`,`password`) VALUES ('62f8edd5-c522-44c3-92a7-bd3b6303465d','Michael Scott','michael@email.com','$2a$12$zeA2ptIrGbR5UYjbp.nbAuHgXDnDxV9EqL6TTnGHVcv/vYy3B0rEa');
INSERT INTO `users_aula48` (`id`,`name`,`email`,`password`) VALUES ('68a4897f-0126-4f8f-ad68-5ba3eaf4690d','Cintia','cintia@gmail.com','$2a$12$QDQI6tpQZCdHMWwoj6fni.oxX5tcy7yJY5phkuxz5Opkoa5ocAoOq');
INSERT INTO `users_aula48` (`id`,`name`,`email`,`password`) VALUES ('6a84572b-357b-495c-80ad-1f777ed1e7a1','Matt','matt@gmail.com','$2a$12$6gVd0B4PgxxVSuMmS6ueSueO/uwbWK43CxYzK4bhFszvz5cOJXXVe');
INSERT INTO `users_aula48` (`id`,`name`,`email`,`password`) VALUES ('6c0ce3a2-8343-4d1b-b00f-448246e963ba','bob','bob@email.com','$2a$12$ASVEGRDUlG8kSP6BLPbC4.4hCUMOl7mMg3r4kVeOMpDrqocwMAVY6');
INSERT INTO `users_aula48` (`id`,`name`,`email`,`password`) VALUES ('93fbbfc4-9bb5-4881-9ecb-ddd47b12de98','Darvas','darvas@gmail.com','$2a$12$U1eCdmqh7F6qckBRKjNbHOrbvlScYUIb7ziibJPV60iEM2IydbLBa');
INSERT INTO `users_aula48` (`id`,`name`,`email`,`password`) VALUES ('a444c456-789e-449e-9647-44fa44b433e3','alice','alice@email.com','$2a$12$rh5G1YoSmQyxDgeAs/MBPud5YLt/6hmiqfMZQsB1Ga8PNSFPpIipu');
INSERT INTO `users_aula48` (`id`,`name`,`email`,`password`) VALUES ('aa2c54cf-e792-480d-8857-b13e8a09f654','Bia','bia@gmail.com','$2a$12$wACTeNsHfNijaDzmFPFxxOXwSS70LipNQLFoKE3FHTRXOK0IliO3W');
INSERT INTO `users_aula48` (`id`,`name`,`email`,`password`) VALUES ('bea11cff-569a-4009-8836-fa244e3e62d3','Lu','lu@gmail.com','$2a$12$KNK7S6eJ/NAHEZFo22J8b.Pgr8/v4pVZQOJtLeWCdNlPJ.U7qH9CW');
INSERT INTO `users_aula48` (`id`,`name`,`email`,`password`) VALUES ('c4eaac6c-584a-40d8-be06-3e2389ddbeda','Amanda','amandarangel@gmail.com','$2a$12$u3jpSN051rnXowYeEbBU4eIcEoY1wAnfTtAgDmxadCO31rq5qORay');
INSERT INTO `users_aula48` (`id`,`name`,`email`,`password`) VALUES ('f5037664-eefc-48db-ae20-9388373ca57c','Joaozinho','joaozinho@gmail.com','$2a$12$kSSnEeb28xaQmci.hohZGe/ZdxBoQa5GJZXmJ/X./7RLsOUiofICC');
INSERT INTO `users_aula48` (`id`,`name`,`email`,`password`) VALUES ('fe6782df-59e6-4d63-afc8-a4a9f47c48e8','Ana','ana@gmail.com','$2a$10$izo5hkzR5RZNUwOAAkQgiuf8qvurAgAhUCVy7nEAS/VqEuIdQqvGG');
INSERT INTO `users_aula48` (`id`,`name`,`email`,`password`) VALUES ('3c2f2cda-f520-4a25-a8d1-1bd396bb733d','Maurilio dos Anjos','maurilio@tvquase.com','$2a$10$EyFHqjxOW7aLEnSe8t1oVO5G4ku62iPfOu81DntEtkWojMgK6AhaC');
INSERT INTO `users_aula48` (`id`,`name`,`email`,`password`) VALUES ('616e5438-a56a-41a9-88f6-5b7b7d945a2f','Renan','renan@tvquase.com','$2a$10$fHOUA4ai2A.LLIQcNgYhfeXM/iTFm0MTo7.B2ObLJJnMKrnrgAjUK');
INSERT INTO `users_aula48` (`id`,`name`,`email`,`password`) VALUES ('9a70a143-6a71-4701-b691-db96686adc47','Chijo','chijo@gmail.com','$2a$12$wru6.0NoN1SYPKxbD67AyOvK526mNMa/R6ZGLFMLb8Gm6ENkvkNDa');
INSERT INTO `users_aula48` (`id`,`name`,`email`,`password`) VALUES ('7c205a6d-a208-4a1a-96d1-308c6a330b5e','Astrodev','astrodev@labenu.com','$2a$10$8oY6PL3JflPYhxxdDWIcMuKCieYNl88V.PECkaYXnK2MiDtwk373i');

INSERT INTO `recipes_aula48` (`recipe_id`,`user_id`,`title`,`description`,`createdAt`) VALUES ('10','93fbbfc4-9bb5-4881-9ecb-ddd47b12de98','SOPA CREMOSA DE COUVE-FLOR','Bata, no liquidificador, a água, o leite, a farinha de trigo, a couve-flor cozida no vapor e o queijo cremoso por uns 3 minutos. Coloque numa panela funda e leve ao fogo, tempero com sal e pimenta a gosto. Mexa frequentemente até engrossar. Desligue o fogo e junte a noz-moscada e misture bem. Sirva em cumbuquinhas separadas colocando alguns cubos de queijo prata e o creme de couve-flor por cima. Polvilhe com cebolinha verde picada e sirva em seguida.',556942461000);
INSERT INTO `recipes_aula48` (`recipe_id`,`user_id`,`title`,`description`,`createdAt`) VALUES ('11','c4eaac6c-584a-40d8-be06-3e2389ddbeda','CUPCAKE DE FRUTAS','Com fouet (batedor manual) misture: ovos, manteiga e açúcar. Acrescente a farinha de trigo e misture, por último o fermento em pó e as frutas com casca,sem sementes e em cubos (a banana apenas em cubos) Coloque em forminhas de papel, encaixe em forminhas de empada e depois coloque em uma assadeira. Leve em formo preaquecido a 180° C,deixe por aproximadamente 30 minutos. Derreta o chocolate no micro-ondas, por aproximadamente 1 minuto ,verificando a cada 20 segundos. Retire os cupcakes frios das forminhas de empada coloque a cobertura de ganache e meia rodela de banana.',-484436739000);
INSERT INTO `recipes_aula48` (`recipe_id`,`user_id`,`title`,`description`,`createdAt`) VALUES ('12','f5037664-eefc-48db-ae20-9388373ca57c','PÉ-DE-MOLEQUE','Ponha em uma panela o amendoim, o leite condensado, o leite, o açúcar e a manteiga. Misture bem e leve ao fogo mexendo sempre até começar a aparecer o fundo da panela. Junte algumas gotas de limão, retire do fogo e bata sempre, até começar a açucarar. Despeje em um mármore untado com manteiga e, depois de frio, corte em tabletes.',1355278461000);
INSERT INTO `recipes_aula48` (`recipe_id`,`user_id`,`title`,`description`,`createdAt`) VALUES ('2','0a4147ad-30dd-4547-9e35-94e655d02f13','DADINHO DE TAPIOCA','Aqueça o leite em uma panela. Quando o leite estiver bem quente, desligue o fogo, adicione o queijo coalho ralado e continue mexendo. Logo em seguida adicione a farinha de tapioca granulada e continue mexendo. Adicione o sal e pimenta a gosto. Pare de mexer quando todos os ingredientes estiverem bem misturados. Despeje em uma forma coberta com papel filme (pvc), cubra em cima também e leve para a geladeira por duas horas. Depois retire da geladeira, corte em quadradinhos (dadinhos) e frite aos poucos em óleo quente ou coloque no forno até dourar. Sirva em seguida acompanhado da geleia de pimenta agridoce.',1598321661000);
INSERT INTO `recipes_aula48` (`recipe_id`,`user_id`,`title`,`description`,`createdAt`) VALUES ('3','4d3bc362-f838-43d6-9e06-5f3883873f74','MOLHO DE MOSTARDA, MEL E GENGIBRE','Misture o iogurte grego com o mel até obter uma mistura homogênea Adicione a mostarda e o suco de limão até obter uma nova mistura homogênea Adicione o azeite aos poucos e mexa para o azeite incorporar bem no molho Adicione sal e pimenta-do-reino a gosto Finalize com gengibre ralado, sempre experimentando para que não passe do ponto e fique muito forte',1597803261000);
INSERT INTO `recipes_aula48` (`recipe_id`,`user_id`,`title`,`description`,`createdAt`) VALUES ('4','5a7e728a-3afa-47d6-850d-0fba7786e6a7','RISOTO SALMÃO E ALHO PORÓ','Caldo Ferva 2 litros de água com 3 tabletes de legumes. Se quiser pode colocar no caldo alguns legumes de sua preferência. Eu coloquei algumas folhas do alho-poró picadas e 1 folha de couve. Numa panela frite os cubos se salmão com a manteiga por 5 minutos e reserve. Na mesma panela frite a cebola, alho e o alho poró. Acrescente o arroz arbóreo e frite mais um pouco. Acrescente o vinho e deixe evaporar. Colocar o caldo aos poucos. 1 concha por vez e mexer. Utilizando aos poucos conforme for reduzindo o caldo. Repetir até o arroz ficar a seu gosto. Misturar o salmão e mexer. Colocar o queijo e creme de leite e misturar bem. Se necessário coloque mais um pouco do caldo. Desligue e sirva na hora.',1595729661000);
INSERT INTO `recipes_aula48` (`recipe_id`,`user_id`,`title`,`description`,`createdAt`) VALUES ('5','62f8edd5-c522-44c3-92a7-bd3b6303465d','SOBRECOXA DE FRANGO ASSADA','No dia anterior de assar, tempere as sobrecoxas misturando-as a todos os ingredientes (use o alho triturado ou picado miúdo). Reserve em um pote bem tampado e conserve na geladeira. Para assar coloque as sobrecoxas numa assadeira com a pele voltada para baixo, coloque todo o tempero por cima e cubra com papel alumínio. Leve ao forno a 180° C por aproximadamente 1 hora e 30 minutos Veja se já estão cozidas (não coradas). Retire o papel-alumínio, vire a parte da pele para cima e leve de volta ao forno para corar. Para corar aumente a temperatura do forno para 200° C. Estarão prontas quando estiverem bem coradas.',1566785661000);
INSERT INTO `recipes_aula48` (`recipe_id`,`user_id`,`title`,`description`,`createdAt`) VALUES ('6','68a4897f-0126-4f8f-ad68-5ba3eaf4690d','SALADA RÁPIDA','Em uma panela, coloque o óleo, frango temperado cortado em quadrado, meia cebola e meio suco de limão. Lave os vegetais, em uma tábua corte o tomate, pimentão e o alface. Já com o ovo de codorna cozido, em um prato ou vasilha coloque todos os ingredientes de forma separada Coloque óregano, milho e maionese por cima.',1472177661000);
INSERT INTO `recipes_aula48` (`recipe_id`,`user_id`,`title`,`description`,`createdAt`) VALUES ('7','6a84572b-357b-495c-80ad-1f777ed1e7a1','SORVETE DE CHOCOLATE COM PÉ DE MOLEQUE','Numa panela, coloque 1 lata de leite condensado, 1 e 1/4 xícara (chá) de leite, 3 gemas dos ovos e leve ao fogo bem baixo, mexendo por mais ou menos 15 minutos. Apague o fogo e junte 2 xícaras (chá) de chocolate meio amargo picado. Misture bem até derreter o chocolate, adicione 1 caixinha de creme de leite e deixe esfriar. Coloque numa batedeira, 3 claras e bata até ficar em picos moles. Incorpore 2 colheres (sopa) de açúcar e bata mais um pouco. Desligue a batedeira e misture delicadamente no creme de chocolate já frio. Transfira a mistura para uma forma de bolo inglês forrada com saco plástico, salpique 1 xícara (chá) de pé de moleque picado e leve ao freezer por mais ou menos 4 horas.',1472782461000);
INSERT INTO `recipes_aula48` (`recipe_id`,`user_id`,`title`,`description`,`createdAt`) VALUES ('9','6c0ce3a2-8343-4d1b-b00f-448246e963ba','CARNE DE PANELA NA PRESSÃO','Refogue o alho (4 dentes picados ou triturados) com óleo ou banha. Assim que começar a dourar o alho, acrescente o colorífico (colorau) e os pedaços de carne. Frite um pouco mexendo a carne até que doure por todos os lados e acrescente 15 g de sal por kg de carne. Caso o peso de carne seja maior, acrescente de forma proporcional. Obs: Uma balança pequena ajuda Acrescente de água até 1,5 dedo antes de cobrir a carne (obs: a água não deve cobrir a carne). Deixe na pressão por 15 minutos. Desligue o fogo e acrescente as 3 batatas picadas e retorne à panela de pressão por mais 12 minutos (na pressão). Após os 12 minutos de pressão, deixe a pressão sair sozinha. Sirva em seguida',2639787261000);
INSERT INTO `recipes_aula48` (`recipe_id`,`user_id`,`title`,`description`,`createdAt`) VALUES ('1','c4eaac6c-584a-40d8-be06-3e2389ddbeda','BIFE À PARMEGIANA','Bife: Tempere os bifes com alho e sal e reserve. Bata o ovo inteiro e passe os bifes pelo ovo e pela farinha de rosca. Aqueça em uma frigideira o óleo e frite os bifes, escorra-os em papel-toalha e vá dispondo em um refratário. Molho: Refogue a cebola no óleo, junte o molho de tomate, o catchup, a mostarda, o sal, salsinha e cebolinha, abaixe o fogo e deixe o molho apurar. Montagem: Despeje o molho pronto sobre os bifes e distribua queijo mussarela sobre os bifes Salpique delicadamente um pouco de orégano por cima do queijo e leve ao forno até derreter o queijo. Sirva com arroz e purê de batatas.',1598404461000);

INSERT INTO `users_relation_aula48` (`user_id`,`user_to_follow_id`) VALUES ('5a7e728a-3afa-47d6-850d-0fba7786e6a7','c4eaac6c-584a-40d8-be06-3e2389ddbeda');
INSERT INTO `users_relation_aula48` (`user_id`,`user_to_follow_id`) VALUES ('68a4897f-0126-4f8f-ad68-5ba3eaf4690d','c4eaac6c-584a-40d8-be06-3e2389ddbeda');
INSERT INTO `users_relation_aula48` (`user_id`,`user_to_follow_id`) VALUES ('c4eaac6c-584a-40d8-be06-3e2389ddbeda','5a7e728a-3afa-47d6-850d-0fba7786e6a7');
INSERT INTO `users_relation_aula48` (`user_id`,`user_to_follow_id`) VALUES ('7c205a6d-a208-4a1a-96d1-308c6a330b5e','5a7e728a-3afa-47d6-850d-0fba7786e6a7');
INSERT INTO `users_relation_aula48` (`user_id`,`user_to_follow_id`) VALUES ('7c205a6d-a208-4a1a-96d1-308c6a330b5e','0a4147ad-30dd-4547-9e35-94e655d02f13');
INSERT INTO `users_relation_aula48` (`user_id`,`user_to_follow_id`) VALUES ('7c205a6d-a208-4a1a-96d1-308c6a330b5e','68a4897f-0126-4f8f-ad68-5ba3eaf4690d');
INSERT INTO `users_relation_aula48` (`user_id`,`user_to_follow_id`) VALUES ('7c205a6d-a208-4a1a-96d1-308c6a330b5e','6c0ce3a2-8343-4d1b-b00f-448246e963ba');
INSERT INTO `users_relation_aula48` (`user_id`,`user_to_follow_id`) VALUES ('7c205a6d-a208-4a1a-96d1-308c6a330b5e','93fbbfc4-9bb5-4881-9ecb-ddd47b12de98');
INSERT INTO `users_relation_aula48` (`user_id`,`user_to_follow_id`) VALUES ('7c205a6d-a208-4a1a-96d1-308c6a330b5e','c4eaac6c-584a-40d8-be06-3e2389ddbeda');
